2026-10-10T02:32:27.218549+00:00	setup	Isolated refactor lane	User requested pinned capability pipelines	base847ee86; dependency1c93d57	No deployment changes
2026-10-09	implementation	replace custom Request with library existential; unify Command and Compile; unqualified imports	human request and simplify duplicate compilation	2-Wrap-Unwrap-Server/src/Bridge/Operation/Internal.hs	core/full build PASS; final verification pending
2026-10-09	verification	final source/type review PASS; release not certified	fresh independent verifier required	capability_verifier; Internal SHA256 801095b284ea7688cad77731a520fa4ed04ff922f77705a8418bf2125ce22a35; Critical 014abbe21eb2fb09c7f4c97f5da965449a8b06a810d6386300c737fdaff8c0bd	PASS scoped
2026-10-09	verification	all-build and bridge-test PASS; broader checks remain FAIL	pool CLI timeout and PostgreSQL fixed occupied socket; no unrelated changes	/tmp/ecx-capabilities-build-final.log;/tmp/ecx-capabilities-tests-final.log;/tmp/ecx-capabilities-pg.log	FAIL broader integration; own disposable PostgreSQL stopped
2026-10-10T03:33:02.386409+00:00	implementation	Replace 17 operator and 13 worker leaf constructors with capability methods	Human requested typeclasses as constraints and capabilities	Internal.hs; Critical.hs; Control.hs; base77350b36	No live changes; 3 production files 1284->1322 lines (+38); private actions preserve effect bodies
2026-10-10T03:33:02.386409+00:00	verification	Fresh separate source/type review PASS	capability_verifier did not implement this refactor	Internal SHA256 7ba1325d0823f3f0fe016ff8be28ca3831570e237772038aefaf28b0d0e2a092; Critical a94e0dde16290231cb89db608860942969eb409be06c7b8a28053e2ad8aad07c	PASS scoped; positive and 9 intended compile errors; runtime pending; overall release FAIL
2026-10-10T03:33:02.386409+00:00	build	Use isolated internal-disk GHC9.14 compilation with pinned Cabal dependency graph	X9 1.5GiB below 2GiB reserve; avoid large X9 builds	/tmp/ecx-methods-ghc.py; /tmp/ecx-methods-app.log; /tmp/ecx-methods-test-build.log	Both binaries compile; first manual test link missed C shim, then overlapping object writes failed; fixed with C shim and exclusive compiler lock, fresh serial recompilation PASS
2026-10-10T03:34:21.952294+00:00	verification	Full bridge suite and fresh evidence review PASS	Verify compiled refactor behavior before committing	/tmp/ecx-methods-test-build.log; /tmp/ecx-methods-tests.log; capability_verifier unchanged hashes	PASS scoped; all task builds/tests exited; full Cabal/PostgreSQL/release remain FAIL or unverified
2026-10-10	indexed-pipeline	use Restrict :>>> Interpret	remove manual existential/error plumbing; retain eqT and evaluator authority	a9aec9b; /tmp/ecx-indexed-bridge-cabal.log	core PASS; workflow/review pending
2026-10-10	verification	indexed bridge core/workflow Cabal and runtime PASS	actual pinned dependency and six dispatch routes	/tmp/ecx-indexed-workflow-cabal.log; /tmp/ecx-indexed-dispatch-run.log	fresh reviewer pending; broader release unverified
